{
  "Linear Regression": {
    "train_mae": 2.17939976755169,
    "test_mae": 1.9412051835472415,
    "train_rmse": 25.828067311566198,
    "test_rmse": 19.568101393550158,
    "train_r2": 0.9961994517951471,
    "test_r2": 0.9977281133655845
  },
  "Random Forest": {
    "train_mae": 1.5515649628824617,
    "test_mae": 1.4779035564442438,
    "train_rmse": 23.14331879057112,
    "test_rmse": 20.2440340948427,
    "train_r2": 0.9969484977010549,
    "test_r2": 0.9975684489234816
  },
  "Gradient Boosting": {
    "train_mae": 2.61423430131289,
    "test_mae": 3.1669883390407203,
    "train_rmse": 15.118487669463986,
    "test_rmse": 21.07045807498856,
    "train_r2": 0.9986977956963498,
    "test_r2": 0.9973658698381553
  },
  "best_model": "Linear Regression"
}