{
    "mse": 188.07801072558155,
    "rmse": 13.714153664210619,
    "mae": 11.629324214974629,
    "mape": 4.945542244507898,
    "r2_score": 0.5813525156832574,
    "directional_accuracy": 51.37931034482759,
    "training_duration": "0:04:06.475445",
    "total_parameters": 233501,
    "test_samples": 291
}