{
    "test_accuracy": 0.8705000281333923,
    "test_loss": 0.734140157699585,
    "precision": 0.8714852550436907,
    "recall": 0.8705,
    "f1_score": 0.8700397354570372,
    "training_time_minutes": 571.2816558718681,
    "epochs_trained": 50,
    "best_val_accuracy": 0.8870000243186951
}